date,match_id,home,away,outcome,p_model,p_market,edge_pp,edge_rel,fair_odds,market_odds
2026-06-11,WC26-MEX-RSA-2026-06-11,Mexico,South Africa,home,0.807,0.6159,19.11,0.31,-418,-160
2026-06-11,WC26-MEX-RSA-2026-06-11,Mexico,South Africa,draw,0.1378,0.2259,-8.81,-0.39,+626,+343
2026-06-11,WC26-MEX-RSA-2026-06-11,Mexico,South Africa,away,0.0552,0.1581,-10.29,-0.651,+1712,+533
2026-06-11,WC26-KOR-CZE-2026-06-11,South Korea,Czech Republic,home,0.4464,0.346,10.04,0.29,+124,+189
2026-06-11,WC26-KOR-CZE-2026-06-11,South Korea,Czech Republic,draw,0.2825,0.3014,-1.89,-0.063,+254,+232
2026-06-11,WC26-KOR-CZE-2026-06-11,South Korea,Czech Republic,away,0.2711,0.3526,-8.15,-0.231,+269,+184
2026-06-12,WC26-CAN-BIH-2026-06-12,Canada,Bosnia and Herzegovina,home,0.6993,0.5301,16.92,0.319,-233,-113
2026-06-12,WC26-CAN-BIH-2026-06-12,Canada,Bosnia and Herzegovina,draw,0.1967,0.2579,-6.12,-0.237,+408,+288
2026-06-12,WC26-CAN-BIH-2026-06-12,Canada,Bosnia and Herzegovina,away,0.104,0.212,-10.8,-0.509,+862,+372
2026-06-12,WC26-USA-PAR-2026-06-12,United States,Paraguay,home,0.3258,0.4854,-15.96,-0.329,+207,+106
2026-06-12,WC26-USA-PAR-2026-06-12,United States,Paraguay,draw,0.2895,0.2747,1.48,0.054,+245,+264
2026-06-12,WC26-USA-PAR-2026-06-12,United States,Paraguay,away,0.3846,0.2399,14.47,0.603,+160,+317
2026-06-13,WC26-QAT-SUI-2026-06-13,Qatar,Switzerland,home,0.0622,0.0796,-1.74,-0.219,+1508,+1156
2026-06-13,WC26-QAT-SUI-2026-06-13,Qatar,Switzerland,draw,0.148,0.147,0.1,0.007,+576,+580
2026-06-13,WC26-QAT-SUI-2026-06-13,Qatar,Switzerland,away,0.7898,0.7734,1.64,0.021,-376,-341
2026-06-13,WC26-BRA-MAR-2026-06-13,Brazil,Morocco,home,0.4324,0.5932,-16.08,-0.271,+131,-146
2026-06-13,WC26-BRA-MAR-2026-06-13,Brazil,Morocco,draw,0.2846,0.2412,4.34,0.18,+251,+315
2026-06-13,WC26-BRA-MAR-2026-06-13,Brazil,Morocco,away,0.2829,0.1657,11.72,0.707,+253,+504
2026-06-13,WC26-HAI-SCO-2026-06-13,Haiti,Scotland,home,0.2093,0.1371,7.22,0.527,+378,+629
2026-06-13,WC26-HAI-SCO-2026-06-13,Haiti,Scotland,draw,0.2644,0.2181,4.63,0.212,+278,+359
2026-06-13,WC26-HAI-SCO-2026-06-13,Haiti,Scotland,away,0.5264,0.6449,-11.85,-0.184,-111,-182
2026-06-13,WC26-AUS-TUR-2026-06-13,Australia,Turkey,home,0.2848,0.1828,10.2,0.558,+251,+447
2026-06-13,WC26-AUS-TUR-2026-06-13,Australia,Turkey,draw,0.285,0.2493,3.57,0.143,+251,+301
2026-06-13,WC26-AUS-TUR-2026-06-13,Australia,Turkey,away,0.4303,0.568,-13.77,-0.242,+132,-131
2026-06-14,WC26-SWE-TUN-2026-06-14,Sweden,Tunisia,home,0.3842,0.5007,-11.65,-0.233,+160,-100
2026-06-14,WC26-SWE-TUN-2026-06-14,Sweden,Tunisia,draw,0.2895,0.277,1.25,0.045,+245,+261
2026-06-14,WC26-SWE-TUN-2026-06-14,Sweden,Tunisia,away,0.3263,0.2223,10.4,0.468,+206,+350
2026-06-14,WC26-NED-JPN-2026-06-14,Netherlands,Japan,home,0.3571,0.4683,-11.12,-0.237,+180,+114
2026-06-14,WC26-NED-JPN-2026-06-14,Netherlands,Japan,draw,0.2904,0.2715,1.89,0.07,+244,+268
2026-06-14,WC26-NED-JPN-2026-06-14,Netherlands,Japan,away,0.3525,0.2602,9.23,0.355,+184,+284
2026-06-14,WC26-GER-CUW-2026-06-14,Germany,Curaçao,home,0.7464,0.9089,-16.25,-0.179,-294,-998
2026-06-14,WC26-GER-CUW-2026-06-14,Germany,Curaçao,draw,0.1724,0.0587,11.37,1.937,+480,+1604
2026-06-14,WC26-GER-CUW-2026-06-14,Germany,Curaçao,away,0.0812,0.0324,4.88,1.506,+1132,+2986
2026-06-14,WC26-CIV-ECU-2026-06-14,Ivory Coast,Ecuador,home,0.145,0.2679,-12.29,-0.459,+590,+273
2026-06-14,WC26-CIV-ECU-2026-06-14,Ivory Coast,Ecuador,draw,0.2301,0.3384,-10.83,-0.32,+335,+196
2026-06-14,WC26-CIV-ECU-2026-06-14,Ivory Coast,Ecuador,away,0.6249,0.3937,23.12,0.587,-167,+154
2026-06-15,WC26-BEL-EGY-2026-06-15,Belgium,Egypt,home,0.5258,0.5745,-4.87,-0.085,-111,-135
2026-06-15,WC26-BEL-EGY-2026-06-15,Belgium,Egypt,draw,0.2645,0.2455,1.9,0.077,+278,+307
2026-06-15,WC26-BEL-EGY-2026-06-15,Belgium,Egypt,away,0.2097,0.18,2.97,0.165,+377,+456
2026-06-15,WC26-IRN-NZL-2026-06-15,Iran,New Zealand,home,0.507,0.5225,-1.55,-0.03,-103,-109
2026-06-15,WC26-IRN-NZL-2026-06-15,Iran,New Zealand,draw,0.2696,0.2737,-0.41,-0.015,+271,+265
2026-06-15,WC26-IRN-NZL-2026-06-15,Iran,New Zealand,away,0.2234,0.2038,1.96,0.096,+348,+391
2026-06-15,WC26-ESP-CPV-2026-06-15,Spain,Cape Verde,home,0.9064,0.8834,2.3,0.026,-968,-758
2026-06-15,WC26-ESP-CPV-2026-06-15,Spain,Cape Verde,draw,0.0728,0.0798,-0.7,-0.088,+1274,+1153
2026-06-15,WC26-ESP-CPV-2026-06-15,Spain,Cape Verde,away,0.0208,0.0368,-1.6,-0.435,+4708,+2617
2026-06-15,WC26-KSA-URU-2026-06-15,Saudi Arabia,Uruguay,home,0.1234,0.1278,-0.44,-0.034,+710,+682
2026-06-15,WC26-KSA-URU-2026-06-15,Saudi Arabia,Uruguay,draw,0.2139,0.213,0.09,0.004,+368,+369
2026-06-15,WC26-KSA-URU-2026-06-15,Saudi Arabia,Uruguay,away,0.6628,0.6591,0.37,0.006,-197,-193
2026-06-16,WC26-AUT-JOR-2026-06-16,Austria,Jordan,home,0.462,0.7248,-26.28,-0.363,+116,-263
2026-06-16,WC26-AUT-JOR-2026-06-16,Austria,Jordan,draw,0.2797,0.1743,10.54,0.605,+258,+474
2026-06-16,WC26-AUT-JOR-2026-06-16,Austria,Jordan,away,0.2583,0.1009,15.74,1.56,+287,+891
2026-06-16,WC26-ARG-ALG-2026-06-16,Argentina,Algeria,home,0.6612,0.6837,-2.25,-0.033,-195,-216
2026-06-16,WC26-ARG-ALG-2026-06-16,Argentina,Algeria,draw,0.2146,0.2093,0.53,0.025,+366,+378
2026-06-16,WC26-ARG-ALG-2026-06-16,Argentina,Algeria,away,0.1242,0.107,1.72,0.161,+705,+835
2026-06-16,WC26-FRA-SEN-2026-06-16,France,Senegal,home,0.5976,0.6467,-4.91,-0.076,-149,-183
2026-06-16,WC26-FRA-SEN-2026-06-16,France,Senegal,draw,0.2408,0.217,2.38,0.11,+315,+361
2026-06-16,WC26-FRA-SEN-2026-06-16,France,Senegal,away,0.1616,0.1364,2.52,0.185,+519,+633
2026-06-16,WC26-IRQ-NOR-2026-06-16,Iraq,Norway,home,0.135,0.0687,6.63,0.965,+641,+1356
2026-06-16,WC26-IRQ-NOR-2026-06-16,Iraq,Norway,draw,0.223,0.1373,8.57,0.624,+348,+628
2026-06-16,WC26-IRQ-NOR-2026-06-16,Iraq,Norway,away,0.642,0.794,-15.2,-0.191,-179,-385
2026-06-17,WC26-POR-COD-2026-06-17,Portugal,DR Congo,home,0.6337,0.746,-11.23,-0.151,-173,-294
2026-06-17,WC26-POR-COD-2026-06-17,Portugal,DR Congo,draw,0.2265,0.1668,5.97,0.358,+342,+500
2026-06-17,WC26-POR-COD-2026-06-17,Portugal,DR Congo,away,0.1398,0.0872,5.26,0.603,+615,+1047
2026-06-17,WC26-UZB-COL-2026-06-17,Uzbekistan,Colombia,home,0.1538,0.113,4.08,0.361,+550,+785
2026-06-17,WC26-UZB-COL-2026-06-17,Uzbekistan,Colombia,draw,0.236,0.2088,2.72,0.13,+324,+379
2026-06-17,WC26-UZB-COL-2026-06-17,Uzbekistan,Colombia,away,0.6102,0.6781,-6.79,-0.1,-157,-211
2026-06-17,WC26-ENG-CRO-2026-06-17,England,Croatia,home,0.5094,0.5548,-4.54,-0.082,-104,-125
2026-06-17,WC26-ENG-CRO-2026-06-17,England,Croatia,draw,0.269,0.247,2.2,0.089,+272,+305
2026-06-17,WC26-ENG-CRO-2026-06-17,England,Croatia,away,0.2216,0.1981,2.35,0.119,+351,+405
2026-06-17,WC26-GHA-PAN-2026-06-17,Ghana,Panama,home,0.1825,0.4579,-27.54,-0.601,+448,+118
2026-06-17,WC26-GHA-PAN-2026-06-17,Ghana,Panama,draw,0.2523,0.2787,-2.64,-0.095,+296,+259
2026-06-17,WC26-GHA-PAN-2026-06-17,Ghana,Panama,away,0.5652,0.2634,30.18,1.146,-130,+280
2026-06-18,WC26-CZE-RSA-2026-06-18,Czech Republic,South Africa,home,0.5238,0.4904,3.34,0.068,-110,+104
2026-06-18,WC26-CZE-RSA-2026-06-18,Czech Republic,South Africa,draw,0.2651,0.2816,-1.65,-0.059,+277,+255
2026-06-18,WC26-CZE-RSA-2026-06-18,Czech Republic,South Africa,away,0.2111,0.228,-1.69,-0.074,+374,+339
2026-06-18,WC26-MEX-KOR-2026-06-18,Mexico,South Korea,home,0.5661,0.533,3.31,0.062,-130,-114
2026-06-18,WC26-MEX-KOR-2026-06-18,Mexico,South Korea,draw,0.252,0.2629,-1.09,-0.041,+297,+280
2026-06-18,WC26-MEX-KOR-2026-06-18,Mexico,South Korea,away,0.1819,0.2041,-2.22,-0.109,+450,+390
2026-06-18,WC26-SUI-BIH-2026-06-18,Switzerland,Bosnia and Herzegovina,home,0.6684,0.5911,7.73,0.131,-202,-145
2026-06-18,WC26-SUI-BIH-2026-06-18,Switzerland,Bosnia and Herzegovina,draw,0.2113,0.2343,-2.3,-0.098,+373,+327
2026-06-18,WC26-SUI-BIH-2026-06-18,Switzerland,Bosnia and Herzegovina,away,0.1203,0.1746,-5.43,-0.311,+731,+473
2026-06-18,WC26-CAN-QAT-2026-06-18,Canada,Qatar,home,0.8148,0.7303,8.45,0.116,-440,-271
2026-06-18,WC26-CAN-QAT-2026-06-18,Canada,Qatar,draw,0.1331,0.1826,-4.95,-0.271,+651,+448
2026-06-18,WC26-CAN-QAT-2026-06-18,Canada,Qatar,away,0.0521,0.0871,-3.5,-0.402,+1819,+1048
2026-06-19,WC26-TUR-PAR-2026-06-19,Turkey,Paraguay,home,0.3827,0.4246,-4.19,-0.099,+161,+136
2026-06-19,WC26-TUR-PAR-2026-06-19,Turkey,Paraguay,draw,0.2896,0.2985,-0.89,-0.03,+245,+235
2026-06-19,WC26-TUR-PAR-2026-06-19,Turkey,Paraguay,away,0.3277,0.2769,5.08,0.183,+205,+261
2026-06-19,WC26-SCO-MAR-2026-06-19,Scotland,Morocco,home,0.2459,0.2287,1.72,0.075,+307,+337
2026-06-19,WC26-SCO-MAR-2026-06-19,Scotland,Morocco,draw,0.2765,0.2911,-1.46,-0.05,+262,+244
2026-06-19,WC26-SCO-MAR-2026-06-19,Scotland,Morocco,away,0.4775,0.4802,-0.27,-0.006,+109,+108
2026-06-19,WC26-BRA-HAI-2026-06-19,Brazil,Haiti,home,0.7258,0.8889,-16.31,-0.183,-265,-800
2026-06-19,WC26-BRA-HAI-2026-06-19,Brazil,Haiti,draw,0.1833,0.0741,10.92,1.474,+446,+1250
2026-06-19,WC26-BRA-HAI-2026-06-19,Brazil,Haiti,away,0.0909,0.037,5.39,1.457,+1000,+2603
2026-06-19,WC26-USA-AUS-2026-06-19,United States,Australia,home,0.3711,0.5432,-17.21,-0.317,+169,-119
2026-06-19,WC26-USA-AUS-2026-06-19,United States,Australia,draw,0.2901,0.2433,4.68,0.192,+245,+311
2026-06-19,WC26-USA-AUS-2026-06-19,United States,Australia,away,0.3388,0.2136,12.52,0.586,+195,+368
2026-06-20,WC26-NED-SWE-2026-06-20,Netherlands,Sweden,home,0.6187,0.5865,3.22,0.055,-162,-142
2026-06-20,WC26-NED-SWE-2026-06-20,Netherlands,Sweden,draw,0.2326,0.2297,0.29,0.013,+330,+335
2026-06-20,WC26-NED-SWE-2026-06-20,Netherlands,Sweden,away,0.1487,0.1838,-3.51,-0.191,+572,+444
2026-06-20,WC26-TUN-JPN-2026-06-20,Tunisia,Japan,home,0.1325,0.1824,-4.99,-0.274,+655,+448
2026-06-20,WC26-TUN-JPN-2026-06-20,Tunisia,Japan,draw,0.2211,0.2589,-3.78,-0.146,+352,+286
2026-06-20,WC26-TUN-JPN-2026-06-20,Tunisia,Japan,away,0.6465,0.5587,8.78,0.157,-183,-127
2026-06-20,WC26-GER-CIV-2026-06-20,Germany,Ivory Coast,home,0.5858,0.6157,-2.99,-0.049,-141,-160
2026-06-20,WC26-GER-CIV-2026-06-20,Germany,Ivory Coast,draw,0.2451,0.2177,2.74,0.126,+308,+359
2026-06-20,WC26-GER-CIV-2026-06-20,Germany,Ivory Coast,away,0.169,0.1666,0.24,0.014,+492,+500
2026-06-20,WC26-ECU-CUW-2026-06-20,Ecuador,Curaçao,home,0.7791,0.7899,-1.08,-0.014,-353,-376
2026-06-20,WC26-ECU-CUW-2026-06-20,Ecuador,Curaçao,draw,0.1542,0.1366,1.76,0.129,+549,+632
2026-06-20,WC26-ECU-CUW-2026-06-20,Ecuador,Curaçao,away,0.0667,0.0735,-0.68,-0.093,+1399,+1261
2026-06-21,WC26-BEL-IRN-2026-06-21,Belgium,Iran,home,0.4321,0.6806,-24.85,-0.365,+131,-213
2026-06-21,WC26-BEL-IRN-2026-06-21,Belgium,Iran,draw,0.2847,0.1997,8.5,0.426,+251,+401
2026-06-21,WC26-BEL-IRN-2026-06-21,Belgium,Iran,away,0.2832,0.1198,16.34,1.364,+253,+735
2026-06-21,WC26-NZL-EGY-2026-06-21,New Zealand,Egypt,home,0.2992,0.205,9.42,0.46,+234,+388
2026-06-21,WC26-NZL-EGY-2026-06-21,New Zealand,Egypt,draw,0.287,0.2503,3.67,0.147,+248,+300
2026-06-21,WC26-NZL-EGY-2026-06-21,New Zealand,Egypt,away,0.4138,0.5447,-13.09,-0.24,+142,-120
2026-06-21,WC26-ESP-KSA-2026-06-21,Spain,Saudi Arabia,home,0.8892,0.8676,2.16,0.025,-803,-655
2026-06-21,WC26-ESP-KSA-2026-06-21,Spain,Saudi Arabia,draw,0.0848,0.0909,-0.61,-0.067,+1079,+1000
2026-06-21,WC26-ESP-KSA-2026-06-21,Spain,Saudi Arabia,away,0.026,0.0415,-1.55,-0.373,+3746,+2310
2026-06-21,WC26-URU-CPV-2026-06-21,Uruguay,Cape Verde,home,0.6945,0.6764,1.81,0.027,-227,-209
2026-06-21,WC26-URU-CPV-2026-06-21,Uruguay,Cape Verde,draw,0.199,0.2039,-0.49,-0.024,+403,+390
2026-06-21,WC26-URU-CPV-2026-06-21,Uruguay,Cape Verde,away,0.1065,0.1198,-1.33,-0.111,+839,+735
2026-06-22,WC26-FRA-IRQ-2026-06-22,France,Iraq,home,0.7514,0.856,-10.46,-0.122,-302,-594
2026-06-22,WC26-FRA-IRQ-2026-06-22,France,Iraq,draw,0.1697,0.107,6.27,0.586,+489,+835
2026-06-22,WC26-FRA-IRQ-2026-06-22,France,Iraq,away,0.0789,0.037,4.19,1.132,+1167,+2603
2026-06-22,WC26-NOR-SEN-2026-06-22,Norway,Senegal,home,0.4769,0.4485,2.84,0.063,+110,+123
2026-06-22,WC26-NOR-SEN-2026-06-22,Norway,Senegal,draw,0.2767,0.2679,0.88,0.033,+261,+273
2026-06-22,WC26-NOR-SEN-2026-06-22,Norway,Senegal,away,0.2464,0.2836,-3.72,-0.131,+306,+253
2026-06-22,WC26-ARG-AUT-2026-06-22,Argentina,Austria,home,0.6704,0.5855,8.49,0.145,-203,-141
2026-06-22,WC26-ARG-AUT-2026-06-22,Argentina,Austria,draw,0.2104,0.247,-3.66,-0.148,+375,+305
2026-06-22,WC26-ARG-AUT-2026-06-22,Argentina,Austria,away,0.1192,0.1675,-4.83,-0.288,+739,+497
2026-06-22,WC26-JOR-ALG-2026-06-22,Jordan,Algeria,home,0.2506,0.1477,10.29,0.697,+299,+577
2026-06-22,WC26-JOR-ALG-2026-06-22,Jordan,Algeria,draw,0.2778,0.2233,5.45,0.244,+260,+348
2026-06-22,WC26-JOR-ALG-2026-06-22,Jordan,Algeria,away,0.4716,0.629,-15.74,-0.25,+112,-170
2026-06-23,WC26-POR-UZB-2026-06-23,Portugal,Uzbekistan,home,0.5782,0.7734,-19.52,-0.252,-137,-341
2026-06-23,WC26-POR-UZB-2026-06-23,Portugal,Uzbekistan,draw,0.2478,0.147,10.08,0.686,+304,+580
2026-06-23,WC26-POR-UZB-2026-06-23,Portugal,Uzbekistan,away,0.1739,0.0796,9.43,1.185,+475,+1156
2026-06-23,WC26-COL-COD-2026-06-23,Colombia,DR Congo,home,0.6646,0.6612,0.34,0.005,-198,-195
2026-06-23,WC26-COL-COD-2026-06-23,Colombia,DR Congo,draw,0.213,0.2186,-0.56,-0.026,+369,+357
2026-06-23,WC26-COL-COD-2026-06-23,Colombia,DR Congo,away,0.1223,0.1202,0.21,0.017,+718,+732
2026-06-23,WC26-ENG-GHA-2026-06-23,England,Ghana,home,0.8356,0.73,10.56,0.145,-508,-270
2026-06-23,WC26-ENG-GHA-2026-06-23,England,Ghana,draw,0.1202,0.1742,-5.4,-0.31,+732,+474
2026-06-23,WC26-ENG-GHA-2026-06-23,England,Ghana,away,0.0442,0.0958,-5.16,-0.539,+2162,+944
2026-06-23,WC26-PAN-CRO-2026-06-23,Panama,Croatia,home,0.2272,0.147,8.02,0.546,+340,+580
2026-06-23,WC26-PAN-CRO-2026-06-23,Panama,Croatia,draw,0.2709,0.2388,3.21,0.134,+269,+319
2026-06-23,WC26-PAN-CRO-2026-06-23,Panama,Croatia,away,0.5019,0.6142,-11.23,-0.183,-101,-159
2026-06-24,WC26-MAR-HAI-2026-06-24,Morocco,Haiti,home,0.6513,0.7145,-6.32,-0.088,-187,-250
2026-06-24,WC26-MAR-HAI-2026-06-24,Morocco,Haiti,draw,0.2189,0.1839,3.5,0.19,+357,+444
2026-06-24,WC26-MAR-HAI-2026-06-24,Morocco,Haiti,away,0.1297,0.1016,2.81,0.277,+671,+884
2026-06-24,WC26-BIH-QAT-2026-06-24,Bosnia and Herzegovina,Qatar,home,0.4914,0.5973,-10.59,-0.177,+104,-148
2026-06-24,WC26-BIH-QAT-2026-06-24,Bosnia and Herzegovina,Qatar,draw,0.2734,0.2429,3.05,0.126,+266,+312
2026-06-24,WC26-BIH-QAT-2026-06-24,Bosnia and Herzegovina,Qatar,away,0.2352,0.1599,7.53,0.471,+325,+525
2026-06-24,WC26-SCO-BRA-2026-06-24,Scotland,Brazil,home,0.1867,0.1598,2.69,0.168,+436,+526
2026-06-24,WC26-SCO-BRA-2026-06-24,Scotland,Brazil,draw,0.2544,0.1957,5.87,0.3,+293,+411
2026-06-24,WC26-SCO-BRA-2026-06-24,Scotland,Brazil,away,0.5589,0.6445,-8.56,-0.133,-127,-181
2026-06-24,WC26-RSA-KOR-2026-06-24,South Africa,South Korea,home,0.1487,0.2386,-8.99,-0.377,+572,+319
2026-06-24,WC26-RSA-KOR-2026-06-24,South Africa,South Korea,draw,0.2326,0.2727,-4.01,-0.147,+330,+267
2026-06-24,WC26-RSA-KOR-2026-06-24,South Africa,South Korea,away,0.6187,0.4888,12.99,0.266,-162,+105
2026-06-24,WC26-MEX-CZE-2026-06-24,Mexico,Czech Republic,home,0.6593,0.533,12.63,0.237,-194,-114
2026-06-24,WC26-MEX-CZE-2026-06-24,Mexico,Czech Republic,draw,0.2154,0.2629,-4.75,-0.181,+364,+280
2026-06-24,WC26-MEX-CZE-2026-06-24,Mexico,Czech Republic,away,0.1253,0.2041,-7.88,-0.386,+698,+390
2026-06-24,WC26-CAN-SUI-2026-06-24,Canada,Switzerland,home,0.3862,0.2745,11.17,0.407,+159,+264
2026-06-24,WC26-CAN-SUI-2026-06-24,Canada,Switzerland,draw,0.2894,0.2785,1.09,0.039,+246,+259
2026-06-24,WC26-CAN-SUI-2026-06-24,Canada,Switzerland,away,0.3244,0.4469,-12.25,-0.274,+208,+124
2026-06-25,WC26-USA-TUR-2026-06-25,United States,Turkey,home,0.2997,0.3756,-7.59,-0.202,+234,+166
2026-06-25,WC26-USA-TUR-2026-06-25,United States,Turkey,draw,0.2871,0.2698,1.73,0.064,+248,+271
2026-06-25,WC26-USA-TUR-2026-06-25,United States,Turkey,away,0.4132,0.3547,5.85,0.165,+142,+182
2026-06-25,WC26-PAR-AUS-2026-06-25,Paraguay,Australia,home,0.4013,0.4447,-4.34,-0.098,+149,+125
2026-06-25,WC26-PAR-AUS-2026-06-25,Paraguay,Australia,draw,0.2883,0.2897,-0.14,-0.005,+247,+245
2026-06-25,WC26-PAR-AUS-2026-06-25,Paraguay,Australia,away,0.3104,0.2656,4.48,0.169,+222,+277
2026-06-25,WC26-CUW-CIV-2026-06-25,Curaçao,Ivory Coast,home,0.2115,0.0741,13.74,1.854,+373,+1250
2026-06-25,WC26-CUW-CIV-2026-06-25,Curaçao,Ivory Coast,draw,0.2652,0.1376,12.76,0.927,+277,+627
2026-06-25,WC26-CUW-CIV-2026-06-25,Curaçao,Ivory Coast,away,0.5233,0.7883,-26.5,-0.336,-110,-372
2026-06-25,WC26-ECU-GER-2026-06-25,Ecuador,Germany,home,0.3923,0.2005,19.18,0.957,+155,+399
2026-06-25,WC26-ECU-GER-2026-06-25,Ecuador,Germany,draw,0.289,0.2467,4.23,0.171,+246,+305
2026-06-25,WC26-ECU-GER-2026-06-25,Ecuador,Germany,away,0.3187,0.5528,-23.41,-0.423,+214,-124
2026-06-25,WC26-JPN-SWE-2026-06-25,Japan,Sweden,home,0.6162,0.4545,16.17,0.356,-161,+120
2026-06-25,WC26-JPN-SWE-2026-06-25,Japan,Sweden,draw,0.2336,0.2766,-4.3,-0.155,+328,+262
2026-06-25,WC26-JPN-SWE-2026-06-25,Japan,Sweden,away,0.1502,0.2689,-11.87,-0.441,+566,+272
2026-06-25,WC26-TUN-NED-2026-06-25,Tunisia,Netherlands,home,0.1311,0.1468,-1.57,-0.107,+663,+581
2026-06-25,WC26-TUN-NED-2026-06-25,Tunisia,Netherlands,draw,0.22,0.2169,0.31,0.014,+355,+361
2026-06-25,WC26-TUN-NED-2026-06-25,Tunisia,Netherlands,away,0.6489,0.6363,1.26,0.02,-185,-175
2026-06-26,WC26-SEN-IRQ-2026-06-26,Senegal,Iraq,home,0.5172,0.675,-15.78,-0.234,-107,-208
2026-06-26,WC26-SEN-IRQ-2026-06-26,Senegal,Iraq,draw,0.2669,0.2047,6.22,0.304,+275,+389
2026-06-26,WC26-SEN-IRQ-2026-06-26,Senegal,Iraq,away,0.2159,0.1203,9.56,0.795,+363,+731
2026-06-26,WC26-NOR-FRA-2026-06-26,Norway,France,home,0.2506,0.2141,3.65,0.17,+299,+367
2026-06-26,WC26-NOR-FRA-2026-06-26,Norway,France,draw,0.2778,0.2604,1.74,0.067,+260,+284
2026-06-26,WC26-NOR-FRA-2026-06-26,Norway,France,away,0.4716,0.5255,-5.39,-0.103,+112,-111
2026-06-26,WC26-URU-ESP-2026-06-26,Uruguay,Spain,home,0.1319,0.1749,-4.3,-0.246,+658,+472
2026-06-26,WC26-URU-ESP-2026-06-26,Uruguay,Spain,draw,0.2206,0.2405,-1.99,-0.083,+353,+316
2026-06-26,WC26-URU-ESP-2026-06-26,Uruguay,Spain,away,0.6475,0.5847,6.28,0.107,-184,-141
2026-06-26,WC26-NZL-BEL-2026-06-26,New Zealand,Belgium,home,0.1678,0.0962,7.16,0.744,+496,+940
2026-06-26,WC26-NZL-BEL-2026-06-26,New Zealand,Belgium,draw,0.2444,0.1603,8.41,0.525,+309,+524
2026-06-26,WC26-NZL-BEL-2026-06-26,New Zealand,Belgium,away,0.5878,0.7434,-15.56,-0.209,-143,-290
2026-06-26,WC26-EGY-IRN-2026-06-26,Egypt,Iran,home,0.2722,0.4194,-14.72,-0.351,+267,+138
2026-06-26,WC26-EGY-IRN-2026-06-26,Egypt,Iran,draw,0.2827,0.3163,-3.36,-0.106,+254,+216
2026-06-26,WC26-EGY-IRN-2026-06-26,Egypt,Iran,away,0.445,0.2643,18.07,0.684,+125,+278
2026-06-26,WC26-CPV-KSA-2026-06-26,Cape Verde,Saudi Arabia,home,0.3237,0.3687,-4.5,-0.122,+209,+171
2026-06-26,WC26-CPV-KSA-2026-06-26,Cape Verde,Saudi Arabia,draw,0.2894,0.295,-0.56,-0.019,+246,+239
2026-06-26,WC26-CPV-KSA-2026-06-26,Cape Verde,Saudi Arabia,away,0.3869,0.3364,5.05,0.15,+158,+197
2026-06-27,WC26-PAN-ENG-2026-06-27,Panama,England,home,0.1258,0.1127,1.31,0.116,+695,+787
2026-06-27,WC26-PAN-ENG-2026-06-27,Panama,England,draw,0.2158,0.1473,6.85,0.465,+363,+579
2026-06-27,WC26-PAN-ENG-2026-06-27,Panama,England,away,0.6584,0.74,-8.16,-0.11,-193,-285
2026-06-27,WC26-ALG-AUT-2026-06-27,Algeria,Austria,home,0.3638,0.2605,10.33,0.397,+175,+284
2026-06-27,WC26-ALG-AUT-2026-06-27,Algeria,Austria,draw,0.2903,0.3053,-1.5,-0.049,+244,+228
2026-06-27,WC26-ALG-AUT-2026-06-27,Algeria,Austria,away,0.3459,0.4342,-8.83,-0.203,+189,+130
2026-06-27,WC26-JOR-ARG-2026-06-27,Jordan,Argentina,home,0.0715,0.0687,0.28,0.041,+1299,+1356
2026-06-27,WC26-JOR-ARG-2026-06-27,Jordan,Argentina,draw,0.1605,0.1373,2.32,0.169,+523,+628
2026-06-27,WC26-JOR-ARG-2026-06-27,Jordan,Argentina,away,0.768,0.794,-2.6,-0.033,-331,-385
2026-06-27,WC26-COL-POR-2026-06-27,Colombia,Portugal,home,0.3852,0.2751,11.01,0.4,+160,+264
2026-06-27,WC26-COL-POR-2026-06-27,Colombia,Portugal,draw,0.2895,0.2874,0.21,0.007,+245,+248
2026-06-27,WC26-COL-POR-2026-06-27,Colombia,Portugal,away,0.3253,0.4376,-11.23,-0.257,+207,+129
2026-06-27,WC26-COD-UZB-2026-06-27,DR Congo,Uzbekistan,home,0.304,0.4086,-10.46,-0.256,+229,+145
2026-06-27,WC26-COD-UZB-2026-06-27,DR Congo,Uzbekistan,draw,0.2876,0.2866,0.1,0.003,+248,+249
2026-06-27,WC26-COD-UZB-2026-06-27,DR Congo,Uzbekistan,away,0.4084,0.3048,10.36,0.34,+145,+228
2026-06-27,WC26-CRO-GHA-2026-06-27,Croatia,Ghana,home,0.7097,0.5761,13.36,0.232,-244,-136
2026-06-27,WC26-CRO-GHA-2026-06-27,Croatia,Ghana,draw,0.1915,0.2494,-5.79,-0.232,+422,+301
2026-06-27,WC26-CRO-GHA-2026-06-27,Croatia,Ghana,away,0.0987,0.1746,-7.59,-0.435,+913,+473
