as_of_date,match_id,market_type,outcome,p_model,confidence,model_version,notes
2026-06-11,WC26-MEX-RSA-2026-06-11,match_1x2,home,0.6723,medium,FableGoose-v1.0,DC-Elo Poisson blended w/ DK market (w=0.75); Elo Mexico 1817 vs South Africa 1467; xG 2.21-0.68; modal score 2-0
2026-06-11,WC26-MEX-RSA-2026-06-11,match_1x2,draw,0.2037,medium,FableGoose-v1.0,DC-Elo Poisson blended w/ DK market (w=0.75); Elo Mexico 1817 vs South Africa 1467; xG 2.21-0.68; modal score 2-0
2026-06-11,WC26-MEX-RSA-2026-06-11,match_1x2,away,0.1240,medium,FableGoose-v1.0,DC-Elo Poisson blended w/ DK market (w=0.75); Elo Mexico 1817 vs South Africa 1467; xG 2.21-0.68; modal score 2-0
2026-06-11,WC26-KOR-CZE-2026-06-11,match_1x2,home,0.3705,low,FableGoose-v1.0,DC-Elo Poisson blended w/ DK market (w=0.75); Elo South Korea 1717 vs Czech Republic 1628; xG 1.26-1.12; modal score 1-1
2026-06-11,WC26-KOR-CZE-2026-06-11,match_1x2,draw,0.2979,low,FableGoose-v1.0,DC-Elo Poisson blended w/ DK market (w=0.75); Elo South Korea 1717 vs Czech Republic 1628; xG 1.26-1.12; modal score 1-1
2026-06-11,WC26-KOR-CZE-2026-06-11,match_1x2,away,0.3316,low,FableGoose-v1.0,DC-Elo Poisson blended w/ DK market (w=0.75); Elo South Korea 1717 vs Czech Republic 1628; xG 1.26-1.12; modal score 1-1
2026-06-11,WC26-CAN-BIH-2026-06-12,match_1x2,home,0.5758,medium,FableGoose-v1.0,DC-Elo Poisson blended w/ DK market (w=0.75); Elo Canada 1740 vs Bosnia and Herzegovina 1510; xG 1.83-0.81; modal score 1-1
2026-06-11,WC26-CAN-BIH-2026-06-12,match_1x2,draw,0.2443,medium,FableGoose-v1.0,DC-Elo Poisson blended w/ DK market (w=0.75); Elo Canada 1740 vs Bosnia and Herzegovina 1510; xG 1.83-0.81; modal score 1-1
2026-06-11,WC26-CAN-BIH-2026-06-12,match_1x2,away,0.1799,medium,FableGoose-v1.0,DC-Elo Poisson blended w/ DK market (w=0.75); Elo Canada 1740 vs Bosnia and Herzegovina 1510; xG 1.83-0.81; modal score 1-1
2026-06-11,WC26-USA-PAR-2026-06-12,match_1x2,home,0.4449,medium,FableGoose-v1.0,DC-Elo Poisson blended w/ DK market (w=0.75); Elo United States 1667 vs Paraguay 1797; xG 1.32-1.07; modal score 1-0
2026-06-11,WC26-USA-PAR-2026-06-12,match_1x2,draw,0.2818,medium,FableGoose-v1.0,DC-Elo Poisson blended w/ DK market (w=0.75); Elo United States 1667 vs Paraguay 1797; xG 1.32-1.07; modal score 1-0
2026-06-11,WC26-USA-PAR-2026-06-12,match_1x2,away,0.2733,medium,FableGoose-v1.0,DC-Elo Poisson blended w/ DK market (w=0.75); Elo United States 1667 vs Paraguay 1797; xG 1.32-1.07; modal score 1-0
2026-06-11,WC26-QAT-SUI-2026-06-13,match_1x2,home,0.0749,medium,FableGoose-v1.0,DC-Elo Poisson blended w/ DK market (w=0.75); Elo Qatar 1379 vs Switzerland 1808; xG 0.59-2.4; modal score 0-2
2026-06-11,WC26-QAT-SUI-2026-06-13,match_1x2,draw,0.1473,medium,FableGoose-v1.0,DC-Elo Poisson blended w/ DK market (w=0.75); Elo Qatar 1379 vs Switzerland 1808; xG 0.59-2.4; modal score 0-2
2026-06-11,WC26-QAT-SUI-2026-06-13,match_1x2,away,0.7778,medium,FableGoose-v1.0,DC-Elo Poisson blended w/ DK market (w=0.75); Elo Qatar 1379 vs Switzerland 1808; xG 0.59-2.4; modal score 0-2
2026-06-11,WC26-BRA-MAR-2026-06-13,match_1x2,home,0.5543,medium,FableGoose-v1.0,DC-Elo Poisson blended w/ DK market (w=0.75); Elo Brazil 1902 vs Morocco 1826; xG 1.55-0.89; modal score 1-0
2026-06-11,WC26-BRA-MAR-2026-06-13,match_1x2,draw,0.2542,medium,FableGoose-v1.0,DC-Elo Poisson blended w/ DK market (w=0.75); Elo Brazil 1902 vs Morocco 1826; xG 1.55-0.89; modal score 1-0
2026-06-11,WC26-BRA-MAR-2026-06-13,match_1x2,away,0.1915,medium,FableGoose-v1.0,DC-Elo Poisson blended w/ DK market (w=0.75); Elo Brazil 1902 vs Morocco 1826; xG 1.55-0.89; modal score 1-0
2026-06-11,WC26-HAI-SCO-2026-06-13,match_1x2,home,0.1533,medium,FableGoose-v1.0,DC-Elo Poisson blended w/ DK market (w=0.75); Elo Haiti 1545 vs Scotland 1708; xG 0.8-1.72; modal score 0-1
2026-06-11,WC26-HAI-SCO-2026-06-13,match_1x2,draw,0.2302,medium,FableGoose-v1.0,DC-Elo Poisson blended w/ DK market (w=0.75); Elo Haiti 1545 vs Scotland 1708; xG 0.8-1.72; modal score 0-1
2026-06-11,WC26-HAI-SCO-2026-06-13,match_1x2,away,0.6165,medium,FableGoose-v1.0,DC-Elo Poisson blended w/ DK market (w=0.75); Elo Haiti 1545 vs Scotland 1708; xG 0.8-1.72; modal score 0-1
2026-06-11,WC26-AUS-TUR-2026-06-13,match_1x2,home,0.2059,medium,FableGoose-v1.0,DC-Elo Poisson blended w/ DK market (w=0.75); Elo Australia 1751 vs Turkey 1825; xG 0.92-1.52; modal score 0-1
2026-06-11,WC26-AUS-TUR-2026-06-13,match_1x2,draw,0.2599,medium,FableGoose-v1.0,DC-Elo Poisson blended w/ DK market (w=0.75); Elo Australia 1751 vs Turkey 1825; xG 0.92-1.52; modal score 0-1
2026-06-11,WC26-AUS-TUR-2026-06-13,match_1x2,away,0.5342,medium,FableGoose-v1.0,DC-Elo Poisson blended w/ DK market (w=0.75); Elo Australia 1751 vs Turkey 1825; xG 0.92-1.52; modal score 0-1
2026-06-11,WC26-SWE-TUN-2026-06-14,match_1x2,home,0.4717,medium,FableGoose-v1.0,DC-Elo Poisson blended w/ DK market (w=0.75); Elo Sweden 1598 vs Tunisia 1569; xG 1.39-1.0; modal score 1-0
2026-06-11,WC26-SWE-TUN-2026-06-14,match_1x2,draw,0.2820,medium,FableGoose-v1.0,DC-Elo Poisson blended w/ DK market (w=0.75); Elo Sweden 1598 vs Tunisia 1569; xG 1.39-1.0; modal score 1-0
2026-06-11,WC26-SWE-TUN-2026-06-14,match_1x2,away,0.2463,medium,FableGoose-v1.0,DC-Elo Poisson blended w/ DK market (w=0.75); Elo Sweden 1598 vs Tunisia 1569; xG 1.39-1.0; modal score 1-0
2026-06-11,WC26-NED-JPN-2026-06-14,match_1x2,home,0.4401,medium,FableGoose-v1.0,DC-Elo Poisson blended w/ DK market (w=0.75); Elo Netherlands 1848 vs Japan 1846; xG 1.32-1.07; modal score 1-1
2026-06-11,WC26-NED-JPN-2026-06-14,match_1x2,draw,0.2776,medium,FableGoose-v1.0,DC-Elo Poisson blended w/ DK market (w=0.75); Elo Netherlands 1848 vs Japan 1846; xG 1.32-1.07; modal score 1-1
2026-06-11,WC26-NED-JPN-2026-06-14,match_1x2,away,0.2823,medium,FableGoose-v1.0,DC-Elo Poisson blended w/ DK market (w=0.75); Elo Netherlands 1848 vs Japan 1846; xG 1.32-1.07; modal score 1-1
2026-06-11,WC26-GER-CUW-2026-06-14,match_1x2,home,0.8803,medium,FableGoose-v1.0,DC-Elo Poisson blended w/ DK market (w=0.75); Elo Germany 1857 vs Curaçao 1478; xG 2.5-0.52; modal score 2-0
2026-06-11,WC26-GER-CUW-2026-06-14,match_1x2,draw,0.0782,medium,FableGoose-v1.0,DC-Elo Poisson blended w/ DK market (w=0.75); Elo Germany 1857 vs Curaçao 1478; xG 2.5-0.52; modal score 2-0
2026-06-11,WC26-GER-CUW-2026-06-14,match_1x2,away,0.0415,medium,FableGoose-v1.0,DC-Elo Poisson blended w/ DK market (w=0.75); Elo Germany 1857 vs Curaçao 1478; xG 2.5-0.52; modal score 2-0
2026-06-11,WC26-CIV-ECU-2026-06-14,match_1x2,home,0.2347,medium,FableGoose-v1.0,DC-Elo Poisson blended w/ DK market (w=0.75); Elo Ivory Coast 1638 vs Ecuador 1894; xG 0.94-1.53; modal score 1-1
2026-06-11,WC26-CIV-ECU-2026-06-14,match_1x2,draw,0.3139,medium,FableGoose-v1.0,DC-Elo Poisson blended w/ DK market (w=0.75); Elo Ivory Coast 1638 vs Ecuador 1894; xG 0.94-1.53; modal score 1-1
2026-06-11,WC26-CIV-ECU-2026-06-14,match_1x2,away,0.4514,medium,FableGoose-v1.0,DC-Elo Poisson blended w/ DK market (w=0.75); Elo Ivory Coast 1638 vs Ecuador 1894; xG 0.94-1.53; modal score 1-1
2026-06-11,WC26-BEL-EGY-2026-06-15,match_1x2,home,0.5625,medium,FableGoose-v1.0,DC-Elo Poisson blended w/ DK market (w=0.75); Elo Belgium 1800 vs Egypt 1637; xG 1.63-0.86; modal score 1-0
2026-06-11,WC26-BEL-EGY-2026-06-15,match_1x2,draw,0.2503,medium,FableGoose-v1.0,DC-Elo Poisson blended w/ DK market (w=0.75); Elo Belgium 1800 vs Egypt 1637; xG 1.63-0.86; modal score 1-0
2026-06-11,WC26-BEL-EGY-2026-06-15,match_1x2,away,0.1872,medium,FableGoose-v1.0,DC-Elo Poisson blended w/ DK market (w=0.75); Elo Belgium 1800 vs Egypt 1637; xG 1.63-0.86; modal score 1-0
2026-06-11,WC26-IRN-NZL-2026-06-15,match_1x2,home,0.5187,medium,FableGoose-v1.0,DC-Elo Poisson blended w/ DK market (w=0.75); Elo Iran 1724 vs New Zealand 1579; xG 1.55-0.91; modal score 1-1
2026-06-11,WC26-IRN-NZL-2026-06-15,match_1x2,draw,0.2727,medium,FableGoose-v1.0,DC-Elo Poisson blended w/ DK market (w=0.75); Elo Iran 1724 vs New Zealand 1579; xG 1.55-0.91; modal score 1-1
2026-06-11,WC26-IRN-NZL-2026-06-15,match_1x2,away,0.2086,medium,FableGoose-v1.0,DC-Elo Poisson blended w/ DK market (w=0.75); Elo Iran 1724 vs New Zealand 1579; xG 1.55-0.91; modal score 1-1
2026-06-11,WC26-ESP-CPV-2026-06-15,match_1x2,home,0.8901,medium,FableGoose-v1.0,DC-Elo Poisson blended w/ DK market (w=0.75); Elo Spain 2084 vs Cape Verde 1481; xG 3.07-0.44; modal score 3-0
2026-06-11,WC26-ESP-CPV-2026-06-15,match_1x2,draw,0.0780,medium,FableGoose-v1.0,DC-Elo Poisson blended w/ DK market (w=0.75); Elo Spain 2084 vs Cape Verde 1481; xG 3.07-0.44; modal score 3-0
2026-06-11,WC26-ESP-CPV-2026-06-15,match_1x2,away,0.0319,medium,FableGoose-v1.0,DC-Elo Poisson blended w/ DK market (w=0.75); Elo Spain 2084 vs Cape Verde 1481; xG 3.07-0.44; modal score 3-0
2026-06-11,WC26-KSA-URU-2026-06-15,match_1x2,home,0.1267,medium,FableGoose-v1.0,DC-Elo Poisson blended w/ DK market (w=0.75); Elo Saudi Arabia 1513 vs Uruguay 1806; xG 0.73-1.94; modal score 0-2
2026-06-11,WC26-KSA-URU-2026-06-15,match_1x2,draw,0.2133,medium,FableGoose-v1.0,DC-Elo Poisson blended w/ DK market (w=0.75); Elo Saudi Arabia 1513 vs Uruguay 1806; xG 0.73-1.94; modal score 0-2
2026-06-11,WC26-KSA-URU-2026-06-15,match_1x2,away,0.6600,medium,FableGoose-v1.0,DC-Elo Poisson blended w/ DK market (w=0.75); Elo Saudi Arabia 1513 vs Uruguay 1806; xG 0.73-1.94; modal score 0-2
2026-06-11,WC26-AUT-JOR-2026-06-16,match_1x2,home,0.6667,medium,FableGoose-v1.0,DC-Elo Poisson blended w/ DK market (w=0.75); Elo Austria 1712 vs Jordan 1609; xG 1.74-0.77; modal score 1-0
2026-06-11,WC26-AUT-JOR-2026-06-16,match_1x2,draw,0.2019,medium,FableGoose-v1.0,DC-Elo Poisson blended w/ DK market (w=0.75); Elo Austria 1712 vs Jordan 1609; xG 1.74-0.77; modal score 1-0
2026-06-11,WC26-AUT-JOR-2026-06-16,match_1x2,away,0.1314,medium,FableGoose-v1.0,DC-Elo Poisson blended w/ DK market (w=0.75); Elo Austria 1712 vs Jordan 1609; xG 1.74-0.77; modal score 1-0
2026-06-11,WC26-ARG-ALG-2026-06-16,match_1x2,home,0.6782,medium,FableGoose-v1.0,DC-Elo Poisson blended w/ DK market (w=0.75); Elo Argentina 2012 vs Algeria 1721; xG 1.98-0.7; modal score 2-0
2026-06-11,WC26-ARG-ALG-2026-06-16,match_1x2,draw,0.2107,medium,FableGoose-v1.0,DC-Elo Poisson blended w/ DK market (w=0.75); Elo Argentina 2012 vs Algeria 1721; xG 1.98-0.7; modal score 2-0
2026-06-11,WC26-ARG-ALG-2026-06-16,match_1x2,away,0.1111,medium,FableGoose-v1.0,DC-Elo Poisson blended w/ DK market (w=0.75); Elo Argentina 2012 vs Algeria 1721; xG 1.98-0.7; modal score 2-0
2026-06-11,WC26-FRA-SEN-2026-06-16,match_1x2,home,0.6347,medium,FableGoose-v1.0,DC-Elo Poisson blended w/ DK market (w=0.75); Elo France 1969 vs Senegal 1739; xG 1.82-0.77; modal score 1-0
2026-06-11,WC26-FRA-SEN-2026-06-16,match_1x2,draw,0.2229,medium,FableGoose-v1.0,DC-Elo Poisson blended w/ DK market (w=0.75); Elo France 1969 vs Senegal 1739; xG 1.82-0.77; modal score 1-0
2026-06-11,WC26-FRA-SEN-2026-06-16,match_1x2,away,0.1424,medium,FableGoose-v1.0,DC-Elo Poisson blended w/ DK market (w=0.75); Elo France 1969 vs Senegal 1739; xG 1.82-0.77; modal score 1-0
2026-06-11,WC26-IRQ-NOR-2026-06-16,match_1x2,home,0.0822,medium,FableGoose-v1.0,DC-Elo Poisson blended w/ DK market (w=0.75); Elo Iraq 1585 vs Norway 1857; xG 0.64-2.1; modal score 0-1
2026-06-11,WC26-IRQ-NOR-2026-06-16,match_1x2,draw,0.1567,medium,FableGoose-v1.0,DC-Elo Poisson blended w/ DK market (w=0.75); Elo Iraq 1585 vs Norway 1857; xG 0.64-2.1; modal score 0-1
2026-06-11,WC26-IRQ-NOR-2026-06-16,match_1x2,away,0.7611,medium,FableGoose-v1.0,DC-Elo Poisson blended w/ DK market (w=0.75); Elo Iraq 1585 vs Norway 1857; xG 0.64-2.1; modal score 0-1
2026-06-11,WC26-POR-COD-2026-06-17,match_1x2,home,0.7202,medium,FableGoose-v1.0,DC-Elo Poisson blended w/ DK market (w=0.75); Elo Portugal 1868 vs DR Congo 1604; xG 2.01-0.68; modal score 1-0
2026-06-11,WC26-POR-COD-2026-06-17,match_1x2,draw,0.1811,medium,FableGoose-v1.0,DC-Elo Poisson blended w/ DK market (w=0.75); Elo Portugal 1868 vs DR Congo 1604; xG 2.01-0.68; modal score 1-0
2026-06-11,WC26-POR-COD-2026-06-17,match_1x2,away,0.0987,medium,FableGoose-v1.0,DC-Elo Poisson blended w/ DK market (w=0.75); Elo Portugal 1868 vs DR Congo 1604; xG 2.01-0.68; modal score 1-0
2026-06-11,WC26-UZB-COL-2026-06-17,match_1x2,home,0.1223,medium,FableGoose-v1.0,DC-Elo Poisson blended w/ DK market (w=0.75); Elo Uzbekistan 1657 vs Colombia 1899; xG 0.73-1.88; modal score 0-1
2026-06-11,WC26-UZB-COL-2026-06-17,match_1x2,draw,0.2158,medium,FableGoose-v1.0,DC-Elo Poisson blended w/ DK market (w=0.75); Elo Uzbekistan 1657 vs Colombia 1899; xG 0.73-1.88; modal score 0-1
2026-06-11,WC26-UZB-COL-2026-06-17,match_1x2,away,0.6619,medium,FableGoose-v1.0,DC-Elo Poisson blended w/ DK market (w=0.75); Elo Uzbekistan 1657 vs Colombia 1899; xG 0.73-1.88; modal score 0-1
2026-06-11,WC26-ENG-CRO-2026-06-17,match_1x2,home,0.5435,medium,FableGoose-v1.0,DC-Elo Poisson blended w/ DK market (w=0.75); Elo England 1967 vs Croatia 1819; xG 1.58-0.89; modal score 1-0
2026-06-11,WC26-ENG-CRO-2026-06-17,match_1x2,draw,0.2526,medium,FableGoose-v1.0,DC-Elo Poisson blended w/ DK market (w=0.75); Elo England 1967 vs Croatia 1819; xG 1.58-0.89; modal score 1-0
2026-06-11,WC26-ENG-CRO-2026-06-17,match_1x2,away,0.2039,medium,FableGoose-v1.0,DC-Elo Poisson blended w/ DK market (w=0.75); Elo England 1967 vs Croatia 1819; xG 1.58-0.89; modal score 1-0
2026-06-11,WC26-GHA-PAN-2026-06-17,match_1x2,home,0.3812,low,FableGoose-v1.0,DC-Elo Poisson blended w/ DK market (w=0.75); Elo Ghana 1479 vs Panama 1678; xG 1.16-1.25; modal score 1-1
2026-06-11,WC26-GHA-PAN-2026-06-17,match_1x2,draw,0.2848,low,FableGoose-v1.0,DC-Elo Poisson blended w/ DK market (w=0.75); Elo Ghana 1479 vs Panama 1678; xG 1.16-1.25; modal score 1-1
2026-06-11,WC26-GHA-PAN-2026-06-17,match_1x2,away,0.3340,low,FableGoose-v1.0,DC-Elo Poisson blended w/ DK market (w=0.75); Elo Ghana 1479 vs Panama 1678; xG 1.16-1.25; modal score 1-1
2026-06-11,WC26-CZE-RSA-2026-06-18,match_1x2,home,0.4988,medium,FableGoose-v1.0,DC-Elo Poisson blended w/ DK market (w=0.75); Elo Czech Republic 1628 vs South Africa 1467; xG 1.52-0.93; modal score 1-1
2026-06-11,WC26-CZE-RSA-2026-06-18,match_1x2,draw,0.2775,medium,FableGoose-v1.0,DC-Elo Poisson blended w/ DK market (w=0.75); Elo Czech Republic 1628 vs South Africa 1467; xG 1.52-0.93; modal score 1-1
2026-06-11,WC26-CZE-RSA-2026-06-18,match_1x2,away,0.2237,medium,FableGoose-v1.0,DC-Elo Poisson blended w/ DK market (w=0.75); Elo Czech Republic 1628 vs South Africa 1467; xG 1.52-0.93; modal score 1-1
2026-06-11,WC26-MEX-KOR-2026-06-18,match_1x2,home,0.5414,medium,FableGoose-v1.0,DC-Elo Poisson blended w/ DK market (w=0.75); Elo Mexico 1817 vs South Korea 1717; xG 1.63-0.87; modal score 1-0
2026-06-11,WC26-MEX-KOR-2026-06-18,match_1x2,draw,0.2602,medium,FableGoose-v1.0,DC-Elo Poisson blended w/ DK market (w=0.75); Elo Mexico 1817 vs South Korea 1717; xG 1.63-0.87; modal score 1-0
2026-06-11,WC26-MEX-KOR-2026-06-18,match_1x2,away,0.1984,medium,FableGoose-v1.0,DC-Elo Poisson blended w/ DK market (w=0.75); Elo Mexico 1817 vs South Korea 1717; xG 1.63-0.87; modal score 1-0
2026-06-11,WC26-SUI-BIH-2026-06-18,match_1x2,home,0.6114,medium,FableGoose-v1.0,DC-Elo Poisson blended w/ DK market (w=0.75); Elo Switzerland 1808 vs Bosnia and Herzegovina 1510; xG 1.86-0.78; modal score 2-0
2026-06-11,WC26-SUI-BIH-2026-06-18,match_1x2,draw,0.2290,medium,FableGoose-v1.0,DC-Elo Poisson blended w/ DK market (w=0.75); Elo Switzerland 1808 vs Bosnia and Herzegovina 1510; xG 1.86-0.78; modal score 2-0
2026-06-11,WC26-SUI-BIH-2026-06-18,match_1x2,away,0.1596,medium,FableGoose-v1.0,DC-Elo Poisson blended w/ DK market (w=0.75); Elo Switzerland 1808 vs Bosnia and Herzegovina 1510; xG 1.86-0.78; modal score 2-0
2026-06-11,WC26-CAN-QAT-2026-06-18,match_1x2,home,0.7537,medium,FableGoose-v1.0,DC-Elo Poisson blended w/ DK market (w=0.75); Elo Canada 1740 vs Qatar 1379; xG 2.41-0.59; modal score 2-0
2026-06-11,WC26-CAN-QAT-2026-06-18,match_1x2,draw,0.1694,medium,FableGoose-v1.0,DC-Elo Poisson blended w/ DK market (w=0.75); Elo Canada 1740 vs Qatar 1379; xG 2.41-0.59; modal score 2-0
2026-06-11,WC26-CAN-QAT-2026-06-18,match_1x2,away,0.0769,medium,FableGoose-v1.0,DC-Elo Poisson blended w/ DK market (w=0.75); Elo Canada 1740 vs Qatar 1379; xG 2.41-0.59; modal score 2-0
2026-06-11,WC26-TUR-PAR-2026-06-19,match_1x2,home,0.4142,low,FableGoose-v1.0,DC-Elo Poisson blended w/ DK market (w=0.75); Elo Turkey 1825 vs Paraguay 1797; xG 1.3-1.08; modal score 1-1
2026-06-11,WC26-TUR-PAR-2026-06-19,match_1x2,draw,0.2966,low,FableGoose-v1.0,DC-Elo Poisson blended w/ DK market (w=0.75); Elo Turkey 1825 vs Paraguay 1797; xG 1.3-1.08; modal score 1-1
2026-06-11,WC26-TUR-PAR-2026-06-19,match_1x2,away,0.2892,low,FableGoose-v1.0,DC-Elo Poisson blended w/ DK market (w=0.75); Elo Turkey 1825 vs Paraguay 1797; xG 1.3-1.08; modal score 1-1
2026-06-11,WC26-SCO-MAR-2026-06-19,match_1x2,home,0.2329,medium,FableGoose-v1.0,DC-Elo Poisson blended w/ DK market (w=0.75); Elo Scotland 1708 vs Morocco 1826; xG 0.96-1.46; modal score 1-1
2026-06-11,WC26-SCO-MAR-2026-06-19,match_1x2,draw,0.2874,medium,FableGoose-v1.0,DC-Elo Poisson blended w/ DK market (w=0.75); Elo Scotland 1708 vs Morocco 1826; xG 0.96-1.46; modal score 1-1
2026-06-11,WC26-SCO-MAR-2026-06-19,match_1x2,away,0.4797,medium,FableGoose-v1.0,DC-Elo Poisson blended w/ DK market (w=0.75); Elo Scotland 1708 vs Morocco 1826; xG 0.96-1.46; modal score 1-1
2026-06-11,WC26-BRA-HAI-2026-06-19,match_1x2,home,0.8585,medium,FableGoose-v1.0,DC-Elo Poisson blended w/ DK market (w=0.75); Elo Brazil 1902 vs Haiti 1545; xG 2.42-0.54; modal score 2-0
2026-06-11,WC26-BRA-HAI-2026-06-19,match_1x2,draw,0.0944,medium,FableGoose-v1.0,DC-Elo Poisson blended w/ DK market (w=0.75); Elo Brazil 1902 vs Haiti 1545; xG 2.42-0.54; modal score 2-0
2026-06-11,WC26-BRA-HAI-2026-06-19,match_1x2,away,0.0471,medium,FableGoose-v1.0,DC-Elo Poisson blended w/ DK market (w=0.75); Elo Brazil 1902 vs Haiti 1545; xG 2.42-0.54; modal score 2-0
2026-06-11,WC26-USA-AUS-2026-06-19,match_1x2,home,0.5000,medium,FableGoose-v1.0,DC-Elo Poisson blended w/ DK market (w=0.75); Elo United States 1667 vs Australia 1751; xG 1.42-0.99; modal score 1-0
2026-06-11,WC26-USA-AUS-2026-06-19,match_1x2,draw,0.2574,medium,FableGoose-v1.0,DC-Elo Poisson blended w/ DK market (w=0.75); Elo United States 1667 vs Australia 1751; xG 1.42-0.99; modal score 1-0
2026-06-11,WC26-USA-AUS-2026-06-19,match_1x2,away,0.2426,medium,FableGoose-v1.0,DC-Elo Poisson blended w/ DK market (w=0.75); Elo United States 1667 vs Australia 1751; xG 1.42-0.99; modal score 1-0
2026-06-11,WC26-NED-SWE-2026-06-20,match_1x2,home,0.5949,medium,FableGoose-v1.0,DC-Elo Poisson blended w/ DK market (w=0.75); Elo Netherlands 1848 vs Sweden 1598; xG 1.77-0.81; modal score 1-0
2026-06-11,WC26-NED-SWE-2026-06-20,match_1x2,draw,0.2306,medium,FableGoose-v1.0,DC-Elo Poisson blended w/ DK market (w=0.75); Elo Netherlands 1848 vs Sweden 1598; xG 1.77-0.81; modal score 1-0
2026-06-11,WC26-NED-SWE-2026-06-20,match_1x2,away,0.1745,medium,FableGoose-v1.0,DC-Elo Poisson blended w/ DK market (w=0.75); Elo Netherlands 1848 vs Sweden 1598; xG 1.77-0.81; modal score 1-0
2026-06-11,WC26-TUN-JPN-2026-06-20,match_1x2,home,0.1690,medium,FableGoose-v1.0,DC-Elo Poisson blended w/ DK market (w=0.75); Elo Tunisia 1569 vs Japan 1846; xG 0.81-1.78; modal score 1-1
2026-06-11,WC26-TUN-JPN-2026-06-20,match_1x2,draw,0.2497,medium,FableGoose-v1.0,DC-Elo Poisson blended w/ DK market (w=0.75); Elo Tunisia 1569 vs Japan 1846; xG 0.81-1.78; modal score 1-1
2026-06-11,WC26-TUN-JPN-2026-06-20,match_1x2,away,0.5813,medium,FableGoose-v1.0,DC-Elo Poisson blended w/ DK market (w=0.75); Elo Tunisia 1569 vs Japan 1846; xG 0.81-1.78; modal score 1-1
2026-06-11,WC26-GER-CIV-2026-06-20,match_1x2,home,0.6084,medium,FableGoose-v1.0,DC-Elo Poisson blended w/ DK market (w=0.75); Elo Germany 1857 vs Ivory Coast 1638; xG 1.76-0.81; modal score 1-0
2026-06-11,WC26-GER-CIV-2026-06-20,match_1x2,draw,0.2243,medium,FableGoose-v1.0,DC-Elo Poisson blended w/ DK market (w=0.75); Elo Germany 1857 vs Ivory Coast 1638; xG 1.76-0.81; modal score 1-0
2026-06-11,WC26-GER-CIV-2026-06-20,match_1x2,away,0.1673,medium,FableGoose-v1.0,DC-Elo Poisson blended w/ DK market (w=0.75); Elo Germany 1857 vs Ivory Coast 1638; xG 1.76-0.81; modal score 1-0
2026-06-11,WC26-ECU-CUW-2026-06-20,match_1x2,home,0.7874,medium,FableGoose-v1.0,DC-Elo Poisson blended w/ DK market (w=0.75); Elo Ecuador 1894 vs Curaçao 1478; xG 2.39-0.58; modal score 2-0
2026-06-11,WC26-ECU-CUW-2026-06-20,match_1x2,draw,0.1408,medium,FableGoose-v1.0,DC-Elo Poisson blended w/ DK market (w=0.75); Elo Ecuador 1894 vs Curaçao 1478; xG 2.39-0.58; modal score 2-0
2026-06-11,WC26-ECU-CUW-2026-06-20,match_1x2,away,0.0718,medium,FableGoose-v1.0,DC-Elo Poisson blended w/ DK market (w=0.75); Elo Ecuador 1894 vs Curaçao 1478; xG 2.39-0.58; modal score 2-0
2026-06-11,WC26-BEL-IRN-2026-06-21,match_1x2,home,0.6236,medium,FableGoose-v1.0,DC-Elo Poisson blended w/ DK market (w=0.75); Elo Belgium 1800 vs Iran 1724; xG 1.65-0.82; modal score 1-0
2026-06-11,WC26-BEL-IRN-2026-06-21,match_1x2,draw,0.2239,medium,FableGoose-v1.0,DC-Elo Poisson blended w/ DK market (w=0.75); Elo Belgium 1800 vs Iran 1724; xG 1.65-0.82; modal score 1-0
2026-06-11,WC26-BEL-IRN-2026-06-21,match_1x2,away,0.1525,medium,FableGoose-v1.0,DC-Elo Poisson blended w/ DK market (w=0.75); Elo Belgium 1800 vs Iran 1724; xG 1.65-0.82; modal score 1-0
2026-06-11,WC26-NZL-EGY-2026-06-21,match_1x2,home,0.2270,medium,FableGoose-v1.0,DC-Elo Poisson blended w/ DK market (w=0.75); Elo New Zealand 1579 vs Egypt 1637; xG 0.96-1.47; modal score 0-1
2026-06-11,WC26-NZL-EGY-2026-06-21,match_1x2,draw,0.2609,medium,FableGoose-v1.0,DC-Elo Poisson blended w/ DK market (w=0.75); Elo New Zealand 1579 vs Egypt 1637; xG 0.96-1.47; modal score 0-1
2026-06-11,WC26-NZL-EGY-2026-06-21,match_1x2,away,0.5121,medium,FableGoose-v1.0,DC-Elo Poisson blended w/ DK market (w=0.75); Elo New Zealand 1579 vs Egypt 1637; xG 0.96-1.47; modal score 0-1
2026-06-11,WC26-ESP-KSA-2026-06-21,match_1x2,home,0.8737,medium,FableGoose-v1.0,DC-Elo Poisson blended w/ DK market (w=0.75); Elo Spain 2084 vs Saudi Arabia 1513; xG 2.94-0.46; modal score 3-0
2026-06-11,WC26-ESP-KSA-2026-06-21,match_1x2,draw,0.0894,medium,FableGoose-v1.0,DC-Elo Poisson blended w/ DK market (w=0.75); Elo Spain 2084 vs Saudi Arabia 1513; xG 2.94-0.46; modal score 3-0
2026-06-11,WC26-ESP-KSA-2026-06-21,match_1x2,away,0.0369,medium,FableGoose-v1.0,DC-Elo Poisson blended w/ DK market (w=0.75); Elo Spain 2084 vs Saudi Arabia 1513; xG 2.94-0.46; modal score 3-0
2026-06-11,WC26-URU-CPV-2026-06-21,match_1x2,home,0.6810,medium,FableGoose-v1.0,DC-Elo Poisson blended w/ DK market (w=0.75); Elo Uruguay 1806 vs Cape Verde 1481; xG 2.03-0.7; modal score 2-0
2026-06-11,WC26-URU-CPV-2026-06-21,match_1x2,draw,0.2027,medium,FableGoose-v1.0,DC-Elo Poisson blended w/ DK market (w=0.75); Elo Uruguay 1806 vs Cape Verde 1481; xG 2.03-0.7; modal score 2-0
2026-06-11,WC26-URU-CPV-2026-06-21,match_1x2,away,0.1163,medium,FableGoose-v1.0,DC-Elo Poisson blended w/ DK market (w=0.75); Elo Uruguay 1806 vs Cape Verde 1481; xG 2.03-0.7; modal score 2-0
2026-06-11,WC26-FRA-IRQ-2026-06-22,match_1x2,home,0.8341,medium,FableGoose-v1.0,DC-Elo Poisson blended w/ DK market (w=0.75); Elo France 1969 vs Iraq 1585; xG 2.43-0.54; modal score 2-0
2026-06-11,WC26-FRA-IRQ-2026-06-22,match_1x2,draw,0.1209,medium,FableGoose-v1.0,DC-Elo Poisson blended w/ DK market (w=0.75); Elo France 1969 vs Iraq 1585; xG 2.43-0.54; modal score 2-0
2026-06-11,WC26-FRA-IRQ-2026-06-22,match_1x2,away,0.0450,medium,FableGoose-v1.0,DC-Elo Poisson blended w/ DK market (w=0.75); Elo France 1969 vs Iraq 1585; xG 2.43-0.54; modal score 2-0
2026-06-11,WC26-NOR-SEN-2026-06-22,match_1x2,home,0.4558,medium,FableGoose-v1.0,DC-Elo Poisson blended w/ DK market (w=0.75); Elo Norway 1857 vs Senegal 1739; xG 1.41-1.01; modal score 1-1
2026-06-11,WC26-NOR-SEN-2026-06-22,match_1x2,draw,0.2702,medium,FableGoose-v1.0,DC-Elo Poisson blended w/ DK market (w=0.75); Elo Norway 1857 vs Senegal 1739; xG 1.41-1.01; modal score 1-1
2026-06-11,WC26-NOR-SEN-2026-06-22,match_1x2,away,0.2740,medium,FableGoose-v1.0,DC-Elo Poisson blended w/ DK market (w=0.75); Elo Norway 1857 vs Senegal 1739; xG 1.41-1.01; modal score 1-1
2026-06-11,WC26-ARG-AUT-2026-06-22,match_1x2,home,0.6076,medium,FableGoose-v1.0,DC-Elo Poisson blended w/ DK market (w=0.75); Elo Argentina 2012 vs Austria 1712; xG 1.85-0.77; modal score 2-0
2026-06-11,WC26-ARG-AUT-2026-06-22,match_1x2,draw,0.2380,medium,FableGoose-v1.0,DC-Elo Poisson blended w/ DK market (w=0.75); Elo Argentina 2012 vs Austria 1712; xG 1.85-0.77; modal score 2-0
2026-06-11,WC26-ARG-AUT-2026-06-22,match_1x2,away,0.1544,medium,FableGoose-v1.0,DC-Elo Poisson blended w/ DK market (w=0.75); Elo Argentina 2012 vs Austria 1712; xG 1.85-0.77; modal score 2-0
2026-06-11,WC26-JOR-ALG-2026-06-22,match_1x2,home,0.1703,medium,FableGoose-v1.0,DC-Elo Poisson blended w/ DK market (w=0.75); Elo Jordan 1609 vs Algeria 1721; xG 0.84-1.63; modal score 0-1
2026-06-11,WC26-JOR-ALG-2026-06-22,match_1x2,draw,0.2383,medium,FableGoose-v1.0,DC-Elo Poisson blended w/ DK market (w=0.75); Elo Jordan 1609 vs Algeria 1721; xG 0.84-1.63; modal score 0-1
2026-06-11,WC26-JOR-ALG-2026-06-22,match_1x2,away,0.5914,medium,FableGoose-v1.0,DC-Elo Poisson blended w/ DK market (w=0.75); Elo Jordan 1609 vs Algeria 1721; xG 0.84-1.63; modal score 0-1
2026-06-11,WC26-POR-UZB-2026-06-23,match_1x2,home,0.7313,medium,FableGoose-v1.0,DC-Elo Poisson blended w/ DK market (w=0.75); Elo Portugal 1868 vs Uzbekistan 1657; xG 1.96-0.68; modal score 1-0
2026-06-11,WC26-POR-UZB-2026-06-23,match_1x2,draw,0.1703,medium,FableGoose-v1.0,DC-Elo Poisson blended w/ DK market (w=0.75); Elo Portugal 1868 vs Uzbekistan 1657; xG 1.96-0.68; modal score 1-0
2026-06-11,WC26-POR-UZB-2026-06-23,match_1x2,away,0.0984,medium,FableGoose-v1.0,DC-Elo Poisson blended w/ DK market (w=0.75); Elo Portugal 1868 vs Uzbekistan 1657; xG 1.96-0.68; modal score 1-0
2026-06-11,WC26-COL-COD-2026-06-23,match_1x2,home,0.6621,medium,FableGoose-v1.0,DC-Elo Poisson blended w/ DK market (w=0.75); Elo Colombia 1899 vs DR Congo 1604; xG 1.95-0.72; modal score 2-0
2026-06-11,WC26-COL-COD-2026-06-23,match_1x2,draw,0.2172,medium,FableGoose-v1.0,DC-Elo Poisson blended w/ DK market (w=0.75); Elo Colombia 1899 vs DR Congo 1604; xG 1.95-0.72; modal score 2-0
2026-06-11,WC26-COL-COD-2026-06-23,match_1x2,away,0.1207,medium,FableGoose-v1.0,DC-Elo Poisson blended w/ DK market (w=0.75); Elo Colombia 1899 vs DR Congo 1604; xG 1.95-0.72; modal score 2-0
2026-06-11,WC26-ENG-GHA-2026-06-23,match_1x2,home,0.7606,medium,FableGoose-v1.0,DC-Elo Poisson blended w/ DK market (w=0.75); Elo England 1967 vs Ghana 1479; xG 2.48-0.58; modal score 2-0
2026-06-11,WC26-ENG-GHA-2026-06-23,match_1x2,draw,0.1599,medium,FableGoose-v1.0,DC-Elo Poisson blended w/ DK market (w=0.75); Elo England 1967 vs Ghana 1479; xG 2.48-0.58; modal score 2-0
2026-06-11,WC26-ENG-GHA-2026-06-23,match_1x2,away,0.0795,medium,FableGoose-v1.0,DC-Elo Poisson blended w/ DK market (w=0.75); Elo England 1967 vs Ghana 1479; xG 2.48-0.58; modal score 2-0
2026-06-11,WC26-PAN-CRO-2026-06-23,match_1x2,home,0.1648,medium,FableGoose-v1.0,DC-Elo Poisson blended w/ DK market (w=0.75); Elo Panama 1678 vs Croatia 1819; xG 0.83-1.65; modal score 0-1
2026-06-11,WC26-PAN-CRO-2026-06-23,match_1x2,draw,0.2479,medium,FableGoose-v1.0,DC-Elo Poisson blended w/ DK market (w=0.75); Elo Panama 1678 vs Croatia 1819; xG 0.83-1.65; modal score 0-1
2026-06-11,WC26-PAN-CRO-2026-06-23,match_1x2,away,0.5873,medium,FableGoose-v1.0,DC-Elo Poisson blended w/ DK market (w=0.75); Elo Panama 1678 vs Croatia 1819; xG 0.83-1.65; modal score 0-1
2026-06-11,WC26-MAR-HAI-2026-06-24,match_1x2,home,0.6994,medium,FableGoose-v1.0,DC-Elo Poisson blended w/ DK market (w=0.75); Elo Morocco 1826 vs Haiti 1545; xG 2.0-0.69; modal score 2-0
2026-06-11,WC26-MAR-HAI-2026-06-24,match_1x2,draw,0.1924,medium,FableGoose-v1.0,DC-Elo Poisson blended w/ DK market (w=0.75); Elo Morocco 1826 vs Haiti 1545; xG 2.0-0.69; modal score 2-0
2026-06-11,WC26-MAR-HAI-2026-06-24,match_1x2,away,0.1082,medium,FableGoose-v1.0,DC-Elo Poisson blended w/ DK market (w=0.75); Elo Morocco 1826 vs Haiti 1545; xG 2.0-0.69; modal score 2-0
2026-06-11,WC26-BIH-QAT-2026-06-24,match_1x2,home,0.5717,medium,FableGoose-v1.0,DC-Elo Poisson blended w/ DK market (w=0.75); Elo Bosnia and Herzegovina 1510 vs Qatar 1379; xG 1.62-0.85; modal score 1-0
2026-06-11,WC26-BIH-QAT-2026-06-24,match_1x2,draw,0.2514,medium,FableGoose-v1.0,DC-Elo Poisson blended w/ DK market (w=0.75); Elo Bosnia and Herzegovina 1510 vs Qatar 1379; xG 1.62-0.85; modal score 1-0
2026-06-11,WC26-BIH-QAT-2026-06-24,match_1x2,away,0.1769,medium,FableGoose-v1.0,DC-Elo Poisson blended w/ DK market (w=0.75); Elo Bosnia and Herzegovina 1510 vs Qatar 1379; xG 1.62-0.85; modal score 1-0
2026-06-11,WC26-SCO-BRA-2026-06-24,match_1x2,home,0.1666,medium,FableGoose-v1.0,DC-Elo Poisson blended w/ DK market (w=0.75); Elo Scotland 1708 vs Brazil 1902; xG 0.81-1.76; modal score 0-1
2026-06-11,WC26-SCO-BRA-2026-06-24,match_1x2,draw,0.2096,medium,FableGoose-v1.0,DC-Elo Poisson blended w/ DK market (w=0.75); Elo Scotland 1708 vs Brazil 1902; xG 0.81-1.76; modal score 0-1
2026-06-11,WC26-SCO-BRA-2026-06-24,match_1x2,away,0.6238,medium,FableGoose-v1.0,DC-Elo Poisson blended w/ DK market (w=0.75); Elo Scotland 1708 vs Brazil 1902; xG 0.81-1.76; modal score 0-1
2026-06-11,WC26-RSA-KOR-2026-06-24,match_1x2,home,0.2136,medium,FableGoose-v1.0,DC-Elo Poisson blended w/ DK market (w=0.75); Elo South Africa 1467 vs South Korea 1717; xG 0.88-1.64; modal score 1-1
2026-06-11,WC26-RSA-KOR-2026-06-24,match_1x2,draw,0.2640,medium,FableGoose-v1.0,DC-Elo Poisson blended w/ DK market (w=0.75); Elo South Africa 1467 vs South Korea 1717; xG 0.88-1.64; modal score 1-1
2026-06-11,WC26-RSA-KOR-2026-06-24,match_1x2,away,0.5224,medium,FableGoose-v1.0,DC-Elo Poisson blended w/ DK market (w=0.75); Elo South Africa 1467 vs South Korea 1717; xG 0.88-1.64; modal score 1-1
2026-06-11,WC26-MEX-CZE-2026-06-24,match_1x2,home,0.5661,medium,FableGoose-v1.0,DC-Elo Poisson blended w/ DK market (w=0.75); Elo Mexico 1817 vs Czech Republic 1628; xG 1.76-0.82; modal score 1-1
2026-06-11,WC26-MEX-CZE-2026-06-24,match_1x2,draw,0.2519,medium,FableGoose-v1.0,DC-Elo Poisson blended w/ DK market (w=0.75); Elo Mexico 1817 vs Czech Republic 1628; xG 1.76-0.82; modal score 1-1
2026-06-11,WC26-MEX-CZE-2026-06-24,match_1x2,away,0.1820,medium,FableGoose-v1.0,DC-Elo Poisson blended w/ DK market (w=0.75); Elo Mexico 1817 vs Czech Republic 1628; xG 1.76-0.82; modal score 1-1
2026-06-11,WC26-CAN-SUI-2026-06-24,match_1x2,home,0.3012,low,FableGoose-v1.0,DC-Elo Poisson blended w/ DK market (w=0.75); Elo Canada 1740 vs Switzerland 1808; xG 1.11-1.27; modal score 1-1
2026-06-11,WC26-CAN-SUI-2026-06-24,match_1x2,draw,0.2833,low,FableGoose-v1.0,DC-Elo Poisson blended w/ DK market (w=0.75); Elo Canada 1740 vs Switzerland 1808; xG 1.11-1.27; modal score 1-1
2026-06-11,WC26-CAN-SUI-2026-06-24,match_1x2,away,0.4156,low,FableGoose-v1.0,DC-Elo Poisson blended w/ DK market (w=0.75); Elo Canada 1740 vs Switzerland 1808; xG 1.11-1.27; modal score 1-1
2026-06-11,WC26-USA-TUR-2026-06-25,match_1x2,home,0.3559,low,FableGoose-v1.0,DC-Elo Poisson blended w/ DK market (w=0.75); Elo United States 1667 vs Turkey 1825; xG 1.16-1.24; modal score 1-1
2026-06-11,WC26-USA-TUR-2026-06-25,match_1x2,draw,0.2747,low,FableGoose-v1.0,DC-Elo Poisson blended w/ DK market (w=0.75); Elo United States 1667 vs Turkey 1825; xG 1.16-1.24; modal score 1-1
2026-06-11,WC26-USA-TUR-2026-06-25,match_1x2,away,0.3694,low,FableGoose-v1.0,DC-Elo Poisson blended w/ DK market (w=0.75); Elo United States 1667 vs Turkey 1825; xG 1.16-1.24; modal score 1-1
2026-06-11,WC26-PAR-AUS-2026-06-25,match_1x2,home,0.4339,medium,FableGoose-v1.0,DC-Elo Poisson blended w/ DK market (w=0.75); Elo Paraguay 1797 vs Australia 1751; xG 1.34-1.05; modal score 1-1
2026-06-11,WC26-PAR-AUS-2026-06-25,match_1x2,draw,0.2897,medium,FableGoose-v1.0,DC-Elo Poisson blended w/ DK market (w=0.75); Elo Paraguay 1797 vs Australia 1751; xG 1.34-1.05; modal score 1-1
2026-06-11,WC26-PAR-AUS-2026-06-25,match_1x2,away,0.2764,medium,FableGoose-v1.0,DC-Elo Poisson blended w/ DK market (w=0.75); Elo Paraguay 1797 vs Australia 1751; xG 1.34-1.05; modal score 1-1
2026-06-11,WC26-CUW-CIV-2026-06-25,match_1x2,home,0.0993,medium,FableGoose-v1.0,DC-Elo Poisson blended w/ DK market (w=0.75); Elo Curaçao 1478 vs Ivory Coast 1638; xG 0.7-1.91; modal score 0-1
2026-06-11,WC26-CUW-CIV-2026-06-25,match_1x2,draw,0.1672,medium,FableGoose-v1.0,DC-Elo Poisson blended w/ DK market (w=0.75); Elo Curaçao 1478 vs Ivory Coast 1638; xG 0.7-1.91; modal score 0-1
2026-06-11,WC26-CUW-CIV-2026-06-25,match_1x2,away,0.7335,medium,FableGoose-v1.0,DC-Elo Poisson blended w/ DK market (w=0.75); Elo Curaçao 1478 vs Ivory Coast 1638; xG 0.7-1.91; modal score 0-1
2026-06-11,WC26-ECU-GER-2026-06-25,match_1x2,home,0.2431,medium,FableGoose-v1.0,DC-Elo Poisson blended w/ DK market (w=0.75); Elo Ecuador 1894 vs Germany 1857; xG 1.01-1.39; modal score 0-1
2026-06-11,WC26-ECU-GER-2026-06-25,match_1x2,draw,0.2631,medium,FableGoose-v1.0,DC-Elo Poisson blended w/ DK market (w=0.75); Elo Ecuador 1894 vs Germany 1857; xG 1.01-1.39; modal score 0-1
2026-06-11,WC26-ECU-GER-2026-06-25,match_1x2,away,0.4938,medium,FableGoose-v1.0,DC-Elo Poisson blended w/ DK market (w=0.75); Elo Ecuador 1894 vs Germany 1857; xG 1.01-1.39; modal score 0-1
2026-06-11,WC26-JPN-SWE-2026-06-25,match_1x2,home,0.4964,medium,FableGoose-v1.0,DC-Elo Poisson blended w/ DK market (w=0.75); Elo Japan 1846 vs Sweden 1598; xG 1.59-0.92; modal score 1-1
2026-06-11,WC26-JPN-SWE-2026-06-25,match_1x2,draw,0.2684,medium,FableGoose-v1.0,DC-Elo Poisson blended w/ DK market (w=0.75); Elo Japan 1846 vs Sweden 1598; xG 1.59-0.92; modal score 1-1
2026-06-11,WC26-JPN-SWE-2026-06-25,match_1x2,away,0.2352,medium,FableGoose-v1.0,DC-Elo Poisson blended w/ DK market (w=0.75); Elo Japan 1846 vs Sweden 1598; xG 1.59-0.92; modal score 1-1
2026-06-11,WC26-TUN-NED-2026-06-25,match_1x2,home,0.1428,medium,FableGoose-v1.0,DC-Elo Poisson blended w/ DK market (w=0.75); Elo Tunisia 1569 vs Netherlands 1848; xG 0.75-1.89; modal score 0-1
2026-06-11,WC26-TUN-NED-2026-06-25,match_1x2,draw,0.2177,medium,FableGoose-v1.0,DC-Elo Poisson blended w/ DK market (w=0.75); Elo Tunisia 1569 vs Netherlands 1848; xG 0.75-1.89; modal score 0-1
2026-06-11,WC26-TUN-NED-2026-06-25,match_1x2,away,0.6395,medium,FableGoose-v1.0,DC-Elo Poisson blended w/ DK market (w=0.75); Elo Tunisia 1569 vs Netherlands 1848; xG 0.75-1.89; modal score 0-1
2026-06-11,WC26-SEN-IRQ-2026-06-26,match_1x2,home,0.6382,medium,FableGoose-v1.0,DC-Elo Poisson blended w/ DK market (w=0.75); Elo Senegal 1739 vs Iraq 1585; xG 1.75-0.78; modal score 1-0
2026-06-11,WC26-SEN-IRQ-2026-06-26,match_1x2,draw,0.2211,medium,FableGoose-v1.0,DC-Elo Poisson blended w/ DK market (w=0.75); Elo Senegal 1739 vs Iraq 1585; xG 1.75-0.78; modal score 1-0
2026-06-11,WC26-SEN-IRQ-2026-06-26,match_1x2,away,0.1407,medium,FableGoose-v1.0,DC-Elo Poisson blended w/ DK market (w=0.75); Elo Senegal 1739 vs Iraq 1585; xG 1.75-0.78; modal score 1-0
2026-06-11,WC26-NOR-FRA-2026-06-26,match_1x2,home,0.2230,medium,FableGoose-v1.0,DC-Elo Poisson blended w/ DK market (w=0.75); Elo Norway 1857 vs France 1969; xG 0.93-1.51; modal score 0-1
2026-06-11,WC26-NOR-FRA-2026-06-26,match_1x2,draw,0.2650,medium,FableGoose-v1.0,DC-Elo Poisson blended w/ DK market (w=0.75); Elo Norway 1857 vs France 1969; xG 0.93-1.51; modal score 0-1
2026-06-11,WC26-NOR-FRA-2026-06-26,match_1x2,away,0.5120,medium,FableGoose-v1.0,DC-Elo Poisson blended w/ DK market (w=0.75); Elo Norway 1857 vs France 1969; xG 0.93-1.51; modal score 0-1
2026-06-11,WC26-URU-ESP-2026-06-26,match_1x2,home,0.1633,medium,FableGoose-v1.0,DC-Elo Poisson blended w/ DK market (w=0.75); Elo Uruguay 1806 vs Spain 2084; xG 0.79-1.81; modal score 0-1
2026-06-11,WC26-URU-ESP-2026-06-26,match_1x2,draw,0.2358,medium,FableGoose-v1.0,DC-Elo Poisson blended w/ DK market (w=0.75); Elo Uruguay 1806 vs Spain 2084; xG 0.79-1.81; modal score 0-1
2026-06-11,WC26-URU-ESP-2026-06-26,match_1x2,away,0.6009,medium,FableGoose-v1.0,DC-Elo Poisson blended w/ DK market (w=0.75); Elo Uruguay 1806 vs Spain 2084; xG 0.79-1.81; modal score 0-1
2026-06-11,WC26-NZL-BEL-2026-06-26,match_1x2,home,0.1117,medium,FableGoose-v1.0,DC-Elo Poisson blended w/ DK market (w=0.75); Elo New Zealand 1579 vs Belgium 1800; xG 0.71-1.93; modal score 0-1
2026-06-11,WC26-NZL-BEL-2026-06-26,match_1x2,draw,0.1800,medium,FableGoose-v1.0,DC-Elo Poisson blended w/ DK market (w=0.75); Elo New Zealand 1579 vs Belgium 1800; xG 0.71-1.93; modal score 0-1
2026-06-11,WC26-NZL-BEL-2026-06-26,match_1x2,away,0.7083,medium,FableGoose-v1.0,DC-Elo Poisson blended w/ DK market (w=0.75); Elo New Zealand 1579 vs Belgium 1800; xG 0.71-1.93; modal score 0-1
2026-06-11,WC26-EGY-IRN-2026-06-26,match_1x2,home,0.3822,low,FableGoose-v1.0,DC-Elo Poisson blended w/ DK market (w=0.75); Elo Egypt 1637 vs Iran 1724; xG 1.21-1.16; modal score 1-1
2026-06-11,WC26-EGY-IRN-2026-06-26,match_1x2,draw,0.3122,low,FableGoose-v1.0,DC-Elo Poisson blended w/ DK market (w=0.75); Elo Egypt 1637 vs Iran 1724; xG 1.21-1.16; modal score 1-1
2026-06-11,WC26-EGY-IRN-2026-06-26,match_1x2,away,0.3056,low,FableGoose-v1.0,DC-Elo Poisson blended w/ DK market (w=0.75); Elo Egypt 1637 vs Iran 1724; xG 1.21-1.16; modal score 1-1
2026-06-11,WC26-CPV-KSA-2026-06-26,match_1x2,home,0.3573,low,FableGoose-v1.0,DC-Elo Poisson blended w/ DK market (w=0.75); Elo Cape Verde 1481 vs Saudi Arabia 1513; xG 1.18-1.2; modal score 1-1
2026-06-11,WC26-CPV-KSA-2026-06-26,match_1x2,draw,0.2939,low,FableGoose-v1.0,DC-Elo Poisson blended w/ DK market (w=0.75); Elo Cape Verde 1481 vs Saudi Arabia 1513; xG 1.18-1.2; modal score 1-1
2026-06-11,WC26-CPV-KSA-2026-06-26,match_1x2,away,0.3488,low,FableGoose-v1.0,DC-Elo Poisson blended w/ DK market (w=0.75); Elo Cape Verde 1481 vs Saudi Arabia 1513; xG 1.18-1.2; modal score 1-1
2026-06-11,WC26-PAN-ENG-2026-06-27,match_1x2,home,0.1162,medium,FableGoose-v1.0,DC-Elo Poisson blended w/ DK market (w=0.75); Elo Panama 1678 vs England 1967; xG 0.69-2.04; modal score 0-2
2026-06-11,WC26-PAN-ENG-2026-06-27,match_1x2,draw,0.1626,medium,FableGoose-v1.0,DC-Elo Poisson blended w/ DK market (w=0.75); Elo Panama 1678 vs England 1967; xG 0.69-2.04; modal score 0-2
2026-06-11,WC26-PAN-ENG-2026-06-27,match_1x2,away,0.7212,medium,FableGoose-v1.0,DC-Elo Poisson blended w/ DK market (w=0.75); Elo Panama 1678 vs England 1967; xG 0.69-2.04; modal score 0-2
2026-06-11,WC26-ALG-AUT-2026-06-27,match_1x2,home,0.2847,low,FableGoose-v1.0,DC-Elo Poisson blended w/ DK market (w=0.75); Elo Algeria 1721 vs Austria 1712; xG 1.09-1.28; modal score 1-1
2026-06-11,WC26-ALG-AUT-2026-06-27,match_1x2,draw,0.3030,low,FableGoose-v1.0,DC-Elo Poisson blended w/ DK market (w=0.75); Elo Algeria 1721 vs Austria 1712; xG 1.09-1.28; modal score 1-1
2026-06-11,WC26-ALG-AUT-2026-06-27,match_1x2,away,0.4123,low,FableGoose-v1.0,DC-Elo Poisson blended w/ DK market (w=0.75); Elo Algeria 1721 vs Austria 1712; xG 1.09-1.28; modal score 1-1
2026-06-11,WC26-JOR-ARG-2026-06-27,match_1x2,home,0.0694,medium,FableGoose-v1.0,DC-Elo Poisson blended w/ DK market (w=0.75); Elo Jordan 1609 vs Argentina 2012; xG 0.58-2.37; modal score 0-2
2026-06-11,WC26-JOR-ARG-2026-06-27,match_1x2,draw,0.1428,medium,FableGoose-v1.0,DC-Elo Poisson blended w/ DK market (w=0.75); Elo Jordan 1609 vs Argentina 2012; xG 0.58-2.37; modal score 0-2
2026-06-11,WC26-JOR-ARG-2026-06-27,match_1x2,away,0.7878,medium,FableGoose-v1.0,DC-Elo Poisson blended w/ DK market (w=0.75); Elo Jordan 1609 vs Argentina 2012; xG 0.58-2.37; modal score 0-2
2026-06-11,WC26-COL-POR-2026-06-27,match_1x2,home,0.3012,low,FableGoose-v1.0,DC-Elo Poisson blended w/ DK market (w=0.75); Elo Colombia 1899 vs Portugal 1868; xG 1.12-1.26; modal score 1-1
2026-06-11,WC26-COL-POR-2026-06-27,match_1x2,draw,0.2898,low,FableGoose-v1.0,DC-Elo Poisson blended w/ DK market (w=0.75); Elo Colombia 1899 vs Portugal 1868; xG 1.12-1.26; modal score 1-1
2026-06-11,WC26-COL-POR-2026-06-27,match_1x2,away,0.4090,low,FableGoose-v1.0,DC-Elo Poisson blended w/ DK market (w=0.75); Elo Colombia 1899 vs Portugal 1868; xG 1.12-1.26; modal score 1-1
2026-06-11,WC26-COD-UZB-2026-06-27,match_1x2,home,0.3817,low,FableGoose-v1.0,DC-Elo Poisson blended w/ DK market (w=0.75); Elo DR Congo 1604 vs Uzbekistan 1657; xG 1.21-1.17; modal score 1-1
2026-06-11,WC26-COD-UZB-2026-06-27,match_1x2,draw,0.2885,low,FableGoose-v1.0,DC-Elo Poisson blended w/ DK market (w=0.75); Elo DR Congo 1604 vs Uzbekistan 1657; xG 1.21-1.17; modal score 1-1
2026-06-11,WC26-COD-UZB-2026-06-27,match_1x2,away,0.3298,low,FableGoose-v1.0,DC-Elo Poisson blended w/ DK market (w=0.75); Elo DR Congo 1604 vs Uzbekistan 1657; xG 1.21-1.17; modal score 1-1
2026-06-11,WC26-CRO-GHA-2026-06-27,match_1x2,home,0.6120,medium,FableGoose-v1.0,DC-Elo Poisson blended w/ DK market (w=0.75); Elo Croatia 1819 vs Ghana 1479; xG 1.91-0.76; modal score 2-0
2026-06-11,WC26-CRO-GHA-2026-06-27,match_1x2,draw,0.2354,medium,FableGoose-v1.0,DC-Elo Poisson blended w/ DK market (w=0.75); Elo Croatia 1819 vs Ghana 1479; xG 1.91-0.76; modal score 2-0
2026-06-11,WC26-CRO-GHA-2026-06-27,match_1x2,away,0.1526,medium,FableGoose-v1.0,DC-Elo Poisson blended w/ DK market (w=0.75); Elo Croatia 1819 vs Ghana 1479; xG 1.91-0.76; modal score 2-0
